m***s,tmall,5.66677E+11,2018/8/6 21:12,,还没有用，用后再评论,,,,https://detail.tmall.com/item.htm?id=566676754659
永***锡,tmall,5.66677E+11,2018/8/6 20:25,,一直是小米绑定追随者.物有所值。很棒,,,,https://detail.tmall.com/item.htm?id=566676754659
旭***b,tmall,5.66677E+11,2018/8/6 20:14,,不是很满意，本来想退的，可是走过暗线了，拆下来比较麻烦。,,,,https://detail.tmall.com/item.htm?id=566676754659
h***9,tmall,5.66677E+11,2018/8/6 18:23,,小米忠粉。东西一如既往的出色。,,,,https://detail.tmall.com/item.htm?id=566676754659
幸***7,tmall,5.66677E+11,2018/8/6 6:57,,小爱同学非常好，安装简单，摄像清晰！,,,,https://detail.tmall.com/item.htm?id=566676754659
崛***拍,tmall,5.66677E+11,2018/8/5 22:15,,相当不错，不过前置摄像头不如后置摄像头清晰,,,,https://detail.tmall.com/item.htm?id=566676754659
王***子,tmall,5.66677E+11,2018/8/5 18:00,,小米物品没的说！越来越好了。加油！！,,,,https://detail.tmall.com/item.htm?id=566676754659
和***光,tmall,5.66677E+11,2018/8/5 11:49,,不错，之前有活动便宜45，买了前后摄像头。首先一定要配内存卡才能录制，否则相当于打开摄像头无法记录。语音系统比较方便，可以语音叫小爱同学去设定目的地，切换下一首歌曲等，上车后如果没插入米连卡，就必须连接手机热点，否则小爱同学无法使用。内置酷我音乐盒，但是搜索歌曲很麻烦，只能用语音，所以英文歌曲无法识别。可以发射调频广播信号，车内广播搜索到对应调频广播就可以播放行车记录仪里面的音乐。之前还担心反光效果不好，没想到屏幕暗下来的效果不错，可以透过镜子清楚看到后方。镜子有点大，有点遮挡上方视线。感觉触摸屏不是很灵敏，有时候开车不容易点击，系统反应也有一丢丢慢。后置摄像头是70迈的，听清楚的。可以扫描里面二维码预定安装服务，前后摄像头一块安是100元。总之这款记录仪比较满意，小米的东西除了手机，都挺好的。,,,,https://detail.tmall.com/item.htm?id=566676754659
z***s,tmall,5.66677E+11,2018/8/4 18:28,,安装简单，确实不错，就是行程记录仪不能设置像素及帧数，耗费储存，32G内存卡只能保留几小时内容，再用一段时间看看情况。,,,,https://detail.tmall.com/item.htm?id=566676754659
张***9,tmall,5.66677E+11,2018/8/2 11:55,,记录仪凑合，但，如果安装后视摄像头的话，强烈建议内存卡放c10且64g以上的内存卡！！！并且淘宝小米旗舰店客服服务差到想骂人！！！,,,,https://detail.tmall.com/item.htm?id=566676754659
憨***y,tmall,5.66677E+11,2018/7/31 21:59,,还可以，导航挺准的。小艾同学还可以聊天,,,,https://detail.tmall.com/item.htm?id=566676754659
p***q,tmall,5.66677E+11,2018/7/29 21:48,,收货后流量卡一直不能上网，多次电话都不能开通，客服弄不清楚问题又推卸责任，直到我提出退货退款争议，问题终于解决了.小米售后很有问题.,,,,https://detail.tmall.com/item.htm?id=566676754659
玄***3,tmall,5.66677E+11,2018/7/29 0:38,,后视镜还是比较智能的 大部分功能都能通过小爱同学完成  就是每次连的时候比较繁琐 我没有用米联卡 所以每次上车要开热点。后视镜连车内音响是可以实现的 基本操作就是 1.先上车打开热点 2.打开调频发射 把车载收音机频率和调频发射调成一样就行（这时候不要去动车载收音机啦！想听收音机就在后视镜上调，如果你要听9.18你要说是杭州交通经济广播！91.8它听不懂....） 这样的话你可以开导航了 声音也是从汽车音响出来的。  想听歌要去调另一个什么忘记了 就是再主页面图案像是一个手机的那个 这样就可以实现 通过后视镜连上手机听手机里的歌 而且是汽车音响放出来的啦。（要打电话就开蓝牙） 研究了几天目前就知道这些功能啦 希望能帮到你们,,,,https://detail.tmall.com/item.htm?id=566676754659
l***8,tmall,5.66677E+11,2018/7/27 14:18,,挺好的，蛮有意思的,,,,https://detail.tmall.com/item.htm?id=566676754659
y***3,tmall,5.66677E+11,2018/7/27 11:16,,小米的东西没的说，就是叫小爱，有时候爱睬不睬的,,,,https://detail.tmall.com/item.htm?id=566676754659
持***1,tmall,5.66677E+11,2018/7/27 11:03,,没有想象的好,,,,https://detail.tmall.com/item.htm?id=566676754659
w***墨,tmall,5.66677E+11,2018/7/27 9:57,,性价比高，质量很好，好评！！！,,,,https://detail.tmall.com/item.htm?id=566676754659
刘***q,tmall,5.66677E+11,2018/7/27 9:31,,东西很好，语音超级灵敏，比小米8上的小爱灵敏100倍，我小声的对着手机唤醒小爱同学，居然车载的出来，手机没反应！#尴尬# 只是用的比较少，后视镜也没装上，adas辅助功能还没用上！但开机调试教程还是挺好的！ 重点：为什么其他的好多牌子都能有播放电视（就像手机下载了腾讯视频，爱奇艺类APP看资源！）的功能，以前我的威路特m8就可以直接看电视的，而且这个东西的性价比还有待提高！虽然有这些不足，但我主要是冲着小米来的，只要能保证安全不易出问题还是很好的！希望小米越做越好，支持老乡雷布斯！加油,,,,https://detail.tmall.com/item.htm?id=566676754659
d***1,tmall,5.66677E+11,2018/7/25 21:14,,七十迈的产品希望和我一样的用户关注下，售后出现问题很难解决的，只要问题是七十迈400电话和微信公共账号根本无法联系上售后，遇到产品质量问题没有人来解决，小米官方客户也给的意见就是和七十迈客户联系，但始终没有途径和方式联系上，这是我遇到的困惑，希望其它用户买之前先考察清楚再下单。,,,,https://detail.tmall.com/item.htm?id=566676754659
i***o,tmall,5.66677E+11,2018/7/25 11:04,,安装很简单，送的撬杠很好用走线也方便，用起来确实很不错，语音控制比较方便，导航听歌什么的直接呼叫小爱同学。在车里媳妇和宝宝不停地小爱同学小爱同学的叫着高兴的很，行车记录仪非常清楚还有语音提醒，唯一有点不方便的就是长度有点长了，使用遮光板的时候回有些阻挡。总体来说很不错。,,,,https://detail.tmall.com/item.htm?id=566676754659
t***5,tmall,5.66677E+11,2018/7/24 7:34,,小米加油,,,,https://detail.tmall.com/item.htm?id=566676754659
s***0,tmall,5.66677E+11,2018/7/23 7:55,,用起来还不错，就是小爱同学聊天比较傻,,,,https://detail.tmall.com/item.htm?id=566676754659
x***7,tmall,5.66677E+11,2018/7/22 20:05,,7.9抢到的，价格比较实惠，调戏小爱同学也是一大亮点，雷布斯的产品，性价比真的不错,,,,https://detail.tmall.com/item.htm?id=566676754659
睿***印,tmall,5.66677E+11,2018/7/22 0:59,,非常好！物有所值！如果记录仪摄像头像素做到更高一些，音乐用的是酷狗就更完美了！支持小米！全五星好评！,,,,https://detail.tmall.com/item.htm?id=566676754659
小***斯,tmall,5.66677E+11,2018/7/21 16:10,,满意，好使。,,,,https://detail.tmall.com/item.htm?id=566676754659
雅***g,tmall,5.66677E+11,2018/7/20 22:04,,这个给一颗心是因为外观不错。但真特么神烦！激活卡，下载一个app，链接手机再下载一个app，然后各种个人信息输入。就一行车记录仪，你要这么多个人信息干嘛？！输一半已经不想要了，送人！这个科技时代发明了好东西却越多个人信息输出，还麻烦人，已经不是科技为人服务，对小米失望！必须差评！,,,,https://detail.tmall.com/item.htm?id=566676754659
无***8,tmall,5.66677E+11,2018/7/20 12:36,,车载版小爱同学没有想象中的那么灵性，不过还好。买的有小米的车载充电器，电源没有接到点烟器上，自己找地方接的，接的时候要注意点烟器插头上是有变压器的，不要轻易剪掉，变压器是变压到5V的。装的时候很简单，零基础就可以，虽然我是个修车工?,,,,https://detail.tmall.com/item.htm?id=566676754659
f***0,tmall,5.66677E+11,2018/7/20 10:27,,小爱的声音变了，使用方便不错。,,,,https://detail.tmall.com/item.htm?id=566676754659
起***难,tmall,5.66677E+11,2018/7/16 21:30,,作为米粉，米家客服不用说的，买后的后期维护这次我就真的不敢恭维了。机器功能没得说，也可能是因为自己确实喜欢米家的风格，但是可能是因为我运气不好吧，机子出现了糊味，一直和客服沟通，最后终于送回维修，后来告诉我没有检测出问题，又邮回来了，插上使用，依然糊味很大，我就又买了个360摄像头，专门对着米家后视镜，我怕等哪天它自燃了，把我车给毁了，我至少有个证据能够证明这一个后视镜真的是有问题。喜欢米家的东西，但是也希望你可以让我一直喜欢下去。,,,,https://detail.tmall.com/item.htm?id=566676754659
绝***店,tmall,5.66677E+11,2018/7/15 22:25,,安上了，非常好，有意识，感慨科技的进步,,,,https://detail.tmall.com/item.htm?id=566676754659
明***1,tmall,5.66677E+11,2018/7/15 12:46,,一直信赖小米，哈哈哈哈哈哈哈哈哈还好还好哈哈哈哈哈哈哈哈哈哈哈哈还好还好哈哈哈哈哈哈哈哈哈哈哈哈哈哈哈哈哈好哈呵呵还好还好还好哈哈哈哈哈哈哈哈哈哈该好好还好还好哈哈哈哈哈哈哈哈哈哈哈哈哈哈哈哈哈好呵呵哈哈,,,,https://detail.tmall.com/item.htm?id=566676754659
b***5,tmall,5.66677E+11,2018/7/14 18:19,,差了个倒车雷达，有就好了,,,,https://detail.tmall.com/item.htm?id=566676754659
t***0,tmall,5.66677E+11,2018/7/12 19:18,,可以，页面一般,,,,https://detail.tmall.com/item.htm?id=566676754659
c***2,tmall,5.66677E+11,2018/7/11 13:00,,买完就便宜啦。。,,,,https://detail.tmall.com/item.htm?id=566676754659
t***5,tmall,5.66677E+11,2018/7/8 19:37,,这个用几天了，小爱很给力，这是有两个同事用说不错，才推荐给我的，我用也挺好！,,,,https://detail.tmall.com/item.htm?id=566676754659
d***i,tmall,5.66677E+11,2018/7/8 11:53,,首先，小米是家好公司。 我正式身份证到期，正式身份证补办需要一个月的等待时间，目前拿的是临时身份证。 然后，米连卡开通的app不认临时身份证，这也在情理之中。 但是致电客服回复我说没有其他任何途径激活米连卡，也不打算上报这个特性。最后让我等正式身份证下来再激活。。也就是大约半个月后我拿到身份证我才能激活 故3星好评,,,,https://detail.tmall.com/item.htm?id=566676754659
b***8,tmall,5.66677E+11,2018/7/5 22:25,,物流超快，昨天下单，今天到。。。。装上再说。,,,,https://detail.tmall.com/item.htm?id=566676754659
法***3,tmall,5.66677E+11,2018/7/1 18:04,,物流真的好快啊,,,,https://detail.tmall.com/item.htm?id=566676754659
我***丶,tmall,5.66677E+11,2018/6/29 22:34,,挺好用的，不错，希望一直好用,,,,https://detail.tmall.com/item.htm?id=566676754659
猫***s,tmall,5.66677E+11,2018/6/29 0:32,,感觉很棒,,,,https://detail.tmall.com/item.htm?id=566676754659
冰***5,tmall,5.66677E+11,2018/6/28 14:22,,特别喜欢,,,,https://detail.tmall.com/item.htm?id=566676754659
那***水,tmall,5.66677E+11,2018/6/28 12:34,,小米的这款很不错，非常灵活。之前买了其他品牌的，反应太慢，导航半天没反应,,,,https://detail.tmall.com/item.htm?id=566676754659
c***4,tmall,5.66677E+11,2018/6/28 9:41,,整体感觉功能缺陷确实很多。,,,,https://detail.tmall.com/item.htm?id=566676754659
米***9,tmall,5.66677E+11,2018/6/27 22:56,,老公很喜欢，非常方便，也是被同事种草了！,,,,https://detail.tmall.com/item.htm?id=566676754659
肖***智,tmall,5.66677E+11,2018/6/23 22:54,,好看，五分好评！！,,,,https://detail.tmall.com/item.htm?id=566676754659
y***l,tmall,5.66677E+11,2018/6/22 18:24,,真心不错。一下子让驾车有了乐趣。,,,,https://detail.tmall.com/item.htm?id=566676754659
l***e,tmall,5.66677E+11,2018/6/22 8:45,,莫得后摄像头，自己买麻烦，卡自己买麻烦，包装不是很好，在纸箱子里晃来晃去，看看别人家的包装，质量用一段时间才知道，,,,,https://detail.tmall.com/item.htm?id=566676754659
t***9,tmall,5.66677E+11,2018/6/22 8:36,,此用户没有填写评论!,有的内存卡识别不了,2018/6/24 19:25,9,https://detail.tmall.com/item.htm?id=566676754659
树***g,tmall,5.66677E+11,2018/6/20 17:40,,接收语音有时不太准，可能必须讲标准普通话，希望能改进，想买后摄像头还没上市。,,,,https://detail.tmall.com/item.htm?id=566676754659
大***李,tmall,5.66677E+11,2018/6/19 14:34,,因为是米粉，所以必须五星！但是有个问题，SD卡一直报错，无法使用。手机格式化了，还不行。,,,,https://detail.tmall.com/item.htm?id=566676754659
王***爹,tmall,5.66677E+11,2018/6/18 1:42,,超乎我意料的好 不过没有流量小爱听不懂人说什么,,,,https://detail.tmall.com/item.htm?id=566676754659
x***p,tmall,5.66677E+11,2018/6/17 11:09,,宝贝不错，安装过程小坎坷！升级后搞定！官方售卖时能有个说明更好！,,,,https://detail.tmall.com/item.htm?id=566676754659
神***猪,tmall,5.66677E+11,2018/6/16 21:56,,挺好的，就看质量如何了,,,,https://detail.tmall.com/item.htm?id=566676754659
5***y,tmall,5.66677E+11,2018/6/15 21:00,,收到这个产品的时候我是很喜欢的，功能非常适合，后视镜导航，解放手机，还有智能语音，车道偏离提醒，行车轨迹，停车拍照这些功能都很好，很实用。但是我为什么给差评呢，功能不错，最基本的反而做的不好，同步通讯录同步不了，刚开始就不行，想着这个功能用的不多，就算了，后来连接蓝牙都连不上，手机重启，后视镜恢复出厂设置，软件卸载再下载都没用，连上去之后关闭蓝牙再打开又连不上，见下图,,,,https://detail.tmall.com/item.htm?id=566676754659
小***3,tmall,5.66677E+11,2018/6/15 19:34,,差，太差买回来才11天，线就坏，叫他们重新发一条，她们有说没有单独的电源线，请大家注意点。我上当了,,,,https://detail.tmall.com/item.htm?id=566676754659
t***8,tmall,5.66677E+11,2018/6/12 11:42,,此用户没有填写评论!,小米的产品棒棒的，挺好用，功能强大，在路上难免会吵就是声音小了点，,2018/7/11 8:35,43,https://detail.tmall.com/item.htm?id=566676754659
t***9,tmall,5.66677E+11,2018/6/11 21:18,,此用户没有填写评论!,最后悔的一次购物，新买的车路不熟，本来打算买个导航解决这个问题，看小米这款介绍的挺好，有导航还有倒车影像，结果根本没有倒车影像，导航还得配流量卡，内存卡的，很麻烦，客服说得实名制办个手机卡再买流量包，结果又有一个客服说不用，本身送卡，翻了个遍也没找到这个送的卡，联系客服，说补发，15个工作日之后发。几天之后联系客服问问发没呢，说等着就行，到时候就收到货了，就这么等了一个月，没收到货，再联系客服，就是托词，根本就没发货，这不是骗人吗，让人等了一个月，导航根本就没用上，多次联系，就是拖，请耐心等待，实在受不了了，退货不给退，补发的卡不给发，都是一群什么人啊，还有没有地方说理了，请看到的朋友给出出主意，真不知道怎么办好了，隔着网络找不到人，拿这群推脱浪费人时间的人没办法啊，真应该有人规范下这群瘾君子,2018/6/20 12:01,23,https://detail.tmall.com/item.htm?id=566676754659
齐***z,tmall,5.66677E+11,2018/6/11 10:01,,份量稍微有一些重了，操作还是很方便的，长度相对比较长，可能会挡住一点前面的视线,,,,https://detail.tmall.com/item.htm?id=566676754659
a***4,tmall,5.66677E+11,2018/6/10 14:48,,此用户没有填写评论!,用了一段时间，语音控制完全不能用了，悲哀！,2018/6/25 11:36,29,https://detail.tmall.com/item.htm?id=566676754659
z***3,tmall,5.66677E+11,2018/6/9 19:32,,还行吧，系统还是有带眼镜一步更新,,,,https://detail.tmall.com/item.htm?id=566676754659
n***g,tmall,5.66677E+11,2018/6/8 17:19,,此用户没有填写评论!,我只想说，小米家的客服宇宙最差，人都急死了，只会喊亲！根本不会解决问题！业务极其不熟，交流起来极其费力，我要投诉！以后不会再买小米家的产品了！,2018/7/30 21:53,67,https://detail.tmall.com/item.htm?id=566676754659
孛***9,tmall,5.66677E+11,2018/6/7 21:30,,先用用然后  再追平,,,,https://detail.tmall.com/item.htm?id=566676754659
z***0,tmall,5.66677E+11,2018/6/7 7:04,,非常好，但还需加强一下系统的完整性,,,,https://detail.tmall.com/item.htm?id=566676754659
s***a,tmall,5.66677E+11,2018/6/4 13:56,,语音识别还是不够好，经常要导航的地名听不见或者听不对，有些着急。,,,,https://detail.tmall.com/item.htm?id=566676754659
初***部,tmall,5.66677E+11,2018/5/31 15:39,,快递米卡掉了，有点不开心。,,,,https://detail.tmall.com/item.htm?id=566676754659
b***g,tmall,5.66677E+11,2018/5/31 11:29,,很好用，速度也快,,,,https://detail.tmall.com/item.htm?id=566676754659
a***e,tmall,5.66677E+11,2018/5/29 10:19,,相当满意 相当满意,,,,https://detail.tmall.com/item.htm?id=566676754659
j***m,tmall,5.66677E+11,2018/5/27 22:10,,体验不错，装了以后车子有了很强的科技感,,,,https://detail.tmall.com/item.htm?id=566676754659
冯***s,tmall,5.66677E+11,2018/5/27 7:08,,一层膜害我以为触摸屏是坏的，撕了就能点了，客服懂的也不多，全靠自己摸索，东西还不错，物流很快,,,,https://detail.tmall.com/item.htm?id=566676754659
k***3,tmall,5.66677E+11,2018/5/26 15:47,,小爱同学很好！！！,,,,https://detail.tmall.com/item.htm?id=566676754659
d***1,tmall,5.66677E+11,2018/5/26 15:03,,东西可以，售后垃圾，要买的想清楚,,,,https://detail.tmall.com/item.htm?id=566676754659
o***0,tmall,5.66677E+11,2018/5/24 20:48,,导航不好用 用下来就那样 已经退货了,,,,https://detail.tmall.com/item.htm?id=566676754659
小***7,tmall,5.66677E+11,2018/5/24 20:41,,死机，并且小爱同学不太管用，不值这个价钱，不建议购买，可以去看看360的行车记录仪,,,,https://detail.tmall.com/item.htm?id=566676754659
d***f,tmall,5.66677E+11,2018/5/23 14:07,,东西还不错，发货也挺快,,,,https://detail.tmall.com/item.htm?id=566676754659
李***d,tmall,5.66677E+11,2018/5/23 10:35,,米粉，还是不错的，只是sim卡只有4G卡可用。另外，屏保有时间及网络信号显示却无星期几显示，是否可以增加&ldquo;星期几&rdquo;的显示？那样就更完美了,使用愉快之中突然遇到一个问题，记录仪广播频率现在不能自主调节改变，而记录仪固定频率恰恰与本地频率一模一样，结果嘛你懂的，期待改进中，想必这对米家工程师来说，应该不成问题的,2018/6/1 10:25,8,https://detail.tmall.com/item.htm?id=566676754659
想***耶,tmall,5.66677E+11,2018/5/23 9:57,,这个怎么说呢，录制还蛮清楚的，沟通有点困难????，不过功能很够用，,,,,https://detail.tmall.com/item.htm?id=566676754659
l***4,tmall,5.66677E+11,2018/5/22 22:49,,货已经收到，改天找师傅安装。,,,,https://detail.tmall.com/item.htm?id=566676754659
a***2,tmall,5.66677E+11,2018/5/21 13:31,,为什么没有一个专业的售后指导安装 到现在都联系不上,,,,https://detail.tmall.com/item.htm?id=566676754659
s***i,tmall,5.66677E+11,2018/5/21 0:49,,倒车影像需要自己买&amp;安装后摄像头  行车记录仪不是拆包就能用的 需要自己买SD卡 其实我宁愿多添30元钱 商家直接配SD卡 会方便些  听音乐至今不会连接车内音响 问过客服 说开启后会有收音机频道 打开收音机搜索能搜到那个频道 然后连接  不会 有点复杂,另外连网络 我是直接自己手机分享热点 挺容易的 但热点会断开 所以每次开车都需要记得开一次热点  后视镜会反光 影响不大,2018/5/21 0:52,5,https://detail.tmall.com/item.htm?id=566676754659
蓝***魂,tmall,5.66677E+11,2018/5/19 15:58,,后视镜很不错，好用！,,,,https://detail.tmall.com/item.htm?id=566676754659
鸿***s,tmall,5.66677E+11,2018/5/19 13:31,,总体很不错的行车记录仪，就是小爱同学语音识别不是那么灵敏，没有倒车后摄像像头，建议加外置GPS信号会更稳定。,,,,https://detail.tmall.com/item.htm?id=566676754659
c***m,tmall,5.66677E+11,2018/5/17 23:21,,此用户没有填写评论!,小米后视镜摄像头太垃圾了，用了50天就坏了，遇到二脑客服更无语，第一给人差评的。,2018/6/3 16:15,31,https://detail.tmall.com/item.htm?id=566676754659
s***1,tmall,5.66677E+11,2018/5/16 22:22,,不错，市场反馈很好。还没安装，用后再评。,有人问我是不是拖儿，不是拖儿啊，我买了两个，一个后视镜版，一个小的那个，所以放了两个一样的图，下面大的是后视镜版，上面小的是有小傻瓜相机的大小。既然你有疑问，我就一并解答了吧。另外使用体验我也在这里说一下：个人认为后视镜版实用性偏差，影响后视效果，镜头位置不合理，安装以后遮光板使用受限制。小的很好用，安装方便。建议储存用的sd卡能够有个选项实行搭配销售，供消费者选择，省得再购买耽误使用。,2018/5/26 11:42,9,https://detail.tmall.com/item.htm?id=566676754659
施***君,tmall,5.66677E+11,2018/5/16 18:35,,还可以，就不能分屏,,,,https://detail.tmall.com/item.htm?id=566676754659
e***e,tmall,5.66677E+11,2018/5/16 9:32,,安装好了2天就无法正常启动，拿去售后维修等了2个星期说没有权限返厂更换，中间没有一个人联系我是什么情况。现在还要等一个星期，这是什么服务？本以为小米品牌不会发生这些事，怎么现在还有这么烂的服务体系？,5月3日被天猫客服告知最近售后网点的电话，拿去检测，本以为就是电源线的问题，因为主机去检查能正常开机。网点售后过一个多星期告知没有权限处理后视镜的问题，但是他们已经将货发回厂家。再隔一个多星期5月17日被网点售后告知货物被退回，找我要信息。5月25日，北京厂家打电话告知检测一切没有问题，包括电源线也没有问题，在我强烈建议发货返修时间长，请仔细检测电源线的情况下，厂家坚持把货原封不动发回给我，与此同时网点售后向客服申请换货给我回复说同意换货。6月2日，在我再三催货的情况下终于收到我一个月前拿去维修的后视镜，首先在我上直接插点烟器实验开机，没反应；再去我大众帕萨特实验开机，没反应。给网点售后打电话，他们已经帮我订购了一根电源线。6月3日，今天，拿到新的电源线，插我车点烟器，开机，运行正常。就因为一根数据线浪费我一个月的时间，我只想说产品和售后真的就只有这样了吗？我以后如何放心购买和使用你们产品？我只想说以下我的疑问：第一，天猫客服知不知道售后网点没有权限维修后视镜？第二，维修周期这个往返时间需要这么久？没有及时反馈的跟踪和考核机制？第三，厂家的检测标准是什么,2018/6/3 11:32,25,https://detail.tmall.com/item.htm?id=566676754659
z***c,tmall,5.66677E+11,2018/5/14 18:11,,小米出品，必是精品。大爱！！！,,,,https://detail.tmall.com/item.htm?id=566676754659
一***1,tmall,5.66677E+11,2018/5/14 10:17,,大部分时候反应很灵敏，居然还能听懂四川话，很智能了。而且连上了车上的音响，打电话、听音乐非常方便。但是接听电话的时候非常不灵敏，有待改进,,,,https://detail.tmall.com/item.htm?id=566676754659
t***1,tmall,5.66677E+11,2018/5/12 14:34,,此用户没有填写评论!,,,,https://detail.tmall.com/item.htm?id=566676754659
w***9,tmall,5.66677E+11,2018/5/12 10:57,,总体很不错的行车记录仪，集成了小爱同学，智能化程度较高；语音识别率也还不错，解放了双手，可以专心开车了；由于自己手机用的是冰淇淋套餐，所以没用米连卡，办了个小号插记录仪里面，本以为可以直接打电话了，一试才知道只能用流量，打电话功能还是要蓝牙连接手机才能实现！希望系统升级能直接增加通话功能；还有通话时对方反应回音非常大！,,,,https://detail.tmall.com/item.htm?id=566676754659
s***g,tmall,5.66677E+11,2018/5/11 21:18,,差评，收到货才知道需要再买内存卡才能实用，,,,,https://detail.tmall.com/item.htm?id=566676754659
w***绪,tmall,5.66677E+11,2018/5/11 19:29,,相当不错，功能相当强大！乐趣也厉害,,,,https://detail.tmall.com/item.htm?id=566676754659
c***5,tmall,5.66677E+11,2018/5/11 14:17,,挺好用的，其他什么都好，不知道是摄像头像素不行还是屏幕分辨率不行，看着挺模糊,,,,https://detail.tmall.com/item.htm?id=566676754659
t***0,tmall,5.66677E+11,2018/5/10 19:22,,收到了还没用,,,,https://detail.tmall.com/item.htm?id=566676754659
爱***丫,tmall,5.66677E+11,2018/5/9 23:06,,小爱同学的声音是不是变了?挺好玩的行车记录仪，但就是有时会乱报?缺点是没配内存卡，还要单独购买&hellip;&hellip;等用段时间再来追评！,,,,https://detail.tmall.com/item.htm?id=566676754659
某***你,tmall,5.66677E+11,2018/5/8 16:51,,看别人评价说淘宝评价80个字以上可以获得积分，可以涨淘气值。才知道评价的重要性。所以以后不管买什么东西我都会把这段话复制黏贴起来，然后填在宝贝评价里。都挺不错，比自己去实体店方便，价格也美丽，有需要会在来,,,,https://detail.tmall.com/item.htm?id=566676754659
不***我,tmall,5.66677E+11,2018/5/8 14:03,,小爱的声音听着好不舒服呀,,,,https://detail.tmall.com/item.htm?id=566676754659
a***峰,tmall,5.66677E+11,2018/5/6 21:34,,宝贝非常，超出了我的预期，好评,,,,https://detail.tmall.com/item.htm?id=566676754659
y***5,tmall,5.66677E+11,2018/5/4 16:04,,其他都还行，就是链接调频杂音太大，试了很多频率都一样，蓝牙功率特别强！送的数据卡插上去没反应，请问在哪里开通或者注册呢？,,,,https://detail.tmall.com/item.htm?id=566676754659
x***0,tmall,5.66677E+11,2018/5/4 14:41,,宝贝不错，发货也蛮快，依旧很好！,,,,https://detail.tmall.com/item.htm?id=566676754659
k***g,tmall,5.66677E+11,2018/5/4 14:28,,满意!好评!有需要还来!物超所值!,,,,https://detail.tmall.com/item.htm?id=566676754659
w***道,tmall,5.66677E+11,2018/5/3 23:12,,不完美的物品，请大家慎用购买。,,,,https://detail.tmall.com/item.htm?id=566676754659
t***6,tmall,5.66677E+11,2018/5/3 18:10,,一般，性价比不高，用自带的音乐链接车载音响，音质特别差，感觉没必要买，导航还行，就是太分散注意力了，开车特别不安全,,,,https://detail.tmall.com/item.htm?id=566676754659
别***丶,tmall,5.66677E+11,2018/5/3 12:02,,之前自己买过一个，这是帮朋友买的记录仪！！,,,,https://detail.tmall.com/item.htm?id=566676754659
t***3,tmall,5.66677E+11,2018/5/2 11:10,,此用户没有填写评论!,,,,https://detail.tmall.com/item.htm?id=566676754659
红***乎,tmall,5.66677E+11,2018/5/2 9:57,,目前还行，挺高级的,,,,https://detail.tmall.com/item.htm?id=566676754659
我***书,tmall,5.66677E+11,2018/5/1 13:44,,必须要网络，所以要安张卡进去，才方便。导航的时候语音就好，还是不错的,,,,https://detail.tmall.com/item.htm?id=566676754659
c***0,tmall,5.66677E+11,2018/5/1 8:44,,服务一点也不好，回复信息时间也是慢，东西还会死机，没有买之前说送无线网卡，结果送过来的还是空卡,,,,https://detail.tmall.com/item.htm?id=566676754659
c***1,tmall,5.66677E+11,2018/5/1 8:15,,东西还可以，但是机器对于SD卡的要求有点伤脑筋，一开始换了几张卡都不识别，本来都打算联系客服退货了，后来翻看其他人的评价才发现问题，重新买了张SDHC的16G卡就能识别了&hellip;&hellip;建议客服要了解一下，这样再有客户咨询的时候可以直接提示。,,,,https://detail.tmall.com/item.htm?id=566676754659
x***8,tmall,5.66677E+11,2018/4/30 16:04,,小爱同学，不听话。喜马拉雅不能自己选择，流量下的挺快，高德有时误报。屏幕上老点位置有指纹，总体体验不好。,我的评价怎么看不到？说产品有问题是希望小米能意识到缺点，改进！,2018/5/1 7:13,0,https://detail.tmall.com/item.htm?id=566676754659
t***9,tmall,5.66677E+11,2018/4/30 14:12,,小米智能后视镜行车仪功能强大很好用，性价比超高，值得信赖。,,,,https://detail.tmall.com/item.htm?id=566676754659
会***6,tmall,5.66677E+11,2018/4/30 10:04,,这个产品关注很久才下手，市面上暂无同款，到手就及时装上，连接和设置都相当简单，高德车镜版也及时同步，还有导航语音以及离线地图都下载了，个性化的，以及蓝牙音乐试了没问题，最大的遗憾就是不能用后视镜看视频，再者播放音乐只能用酷我，都是不足之处，盼望小米工程师后期能开发后视镜的APP,,,,https://detail.tmall.com/item.htm?id=566676754659
佳***仕,tmall,5.66677E+11,2018/4/30 6:16,,此用户没有填写评论!,真的差劲，之前也用过不少小米的东西，都没什么问题的，就这后视镜特么还要抢的，这下尴尬了，抢回来，问题多多，有时叫了没反应，一下死机，一下白平，在高速上用着用着就卡住了。重启都没用。火大了还过了7天不能退,2018/5/8 12:15,23,https://detail.tmall.com/item.htm?id=566676754659
0***0,tmall,5.66677E+11,2018/4/28 17:38,,此用户没有填写评论!,4月2号才买的，1个多月就坏了，啥反应都没有，售后网点80公里开外，就这质量，小米下月还要港交所上市？还啥玩意独角兽？,2018/6/2 18:28,50,https://detail.tmall.com/item.htm?id=566676754659
n***4,tmall,5.66677E+11,2018/4/28 10:24,,此用户没有填写评论!,东西挺好的，基本上是一个后视镜形状的定制版智能手机。目前最大的用处是行车记录仪功能，所以我想请问下能不能给添加个功能使屏幕可以上下翻转啊，这样在左行的国家就可以把摄像头对到正面了?。,2018/5/5 0:00,21,https://detail.tmall.com/item.htm?id=566676754659
t***0,tmall,5.66677E+11,2018/4/28 9:03,,此用户没有填写评论!,购买小米千万不要到小米商城和有品。售后他们说了算。什么七天。什么十五天。什么365天。都是他们客服一句话可以否定掉。。天猫地三方保障是杠杠的。。好话再说一遍。小米客服不会帮你说话。,2018/6/18 11:58,66,https://detail.tmall.com/item.htm?id=566676754659
侯***子,tmall,5.66677E+11,2018/4/28 8:51,,此用户没有填写评论!,终于收到我需要的宝贝了，东西很好，价美物廉，谢谢掌柜的！说实在，这是我淘宝购物来让我最满意的一次购物。无论是掌柜的态度还是对物品，我都非常满意的。掌柜态度很专业热情，有问必答，回复也很快，我问了不少问题，他都不觉得烦，都会认真回答我，这点我向掌柜表示由衷的敬意，这样的好掌柜可不多。再说宝贝，正是我需要的，收到的时候包装完整，打开后让我惊喜的是，宝贝比我想象中的还要好！不得不得竖起大拇指。下次需要的时候我还会再来的，到时候麻烦掌柜给个优惠哦！,2018/7/7 0:48,84,https://detail.tmall.com/item.htm?id=566676754659
t***8,tmall,5.66677E+11,2018/4/28 7:19,,此用户没有填写评论!,出现黑屏,2018/5/28 16:31,45,https://detail.tmall.com/item.htm?id=566676754659
b***d,tmall,5.66677E+11,2018/4/27 20:17,,很好，非常好,,,,https://detail.tmall.com/item.htm?id=566676754659
x***a,tmall,5.66677E+11,2018/4/26 18:14,,很不好用，保时捷911熄火了也不会自动关机，每次都要手动开机。后摄像头我买的70迈的，可以匹配。每次叫小爱放歌小爱都听不懂歌，fm之类的挺鸡肋的，声音很小还不能连车上本来的音响。我叫了关闭面板关了一秒又会再开，语音关闭面板没用。客服辣?，问什么都不知道。,,,,https://detail.tmall.com/item.htm?id=566676754659
t***4,tmall,5.66677E+11,2018/4/26 16:06,,相当满意，千元以内还是很不错的，摄像头还是很清晰的，物流相当给力，第二天就送到了，客服MM也很好，有求必应啊。最喜欢的就是小爱啊，反应很快，识别度也可以。,,,,https://detail.tmall.com/item.htm?id=566676754659
t***8,tmall,5.66677E+11,2018/4/26 13:30,,高大上的感觉，非常不错的科技感。,,,,https://detail.tmall.com/item.htm?id=566676754659
蔚***风,tmall,5.66677E+11,2018/4/26 12:11,,存在虚假信息，后置摄像头不配，还支支吾吾，误导消费者，千万别买！,,,,https://detail.tmall.com/item.htm?id=566676754659
d***3,tmall,5.66677E+11,2018/4/25 19:59,,还没有使用，转为新车准备，月底去提车。,,,,https://detail.tmall.com/item.htm?id=566676754659
李***9,tmall,5.66677E+11,2018/4/25 11:32,,功能很多，该有基本都有，行车记录仪清晰度非常一般，也就和100元的差不多，小爱同学有点傻，和音响版的完全不是一个频道的。音乐资源较少，总体来说一般。,,,,https://detail.tmall.com/item.htm?id=566676754659
严***均,tmall,5.66677E+11,2018/4/25 10:39,,因为你连卡激活不了的事情，不知道打了多少个电话，一直扯皮，等待了20天，才算帮我解决。客服真是态度超好，服务太差！！！,,,,https://detail.tmall.com/item.htm?id=566676754659
s***1,tmall,5.66677E+11,2018/4/24 19:07,,还可以，但是放音乐的音质不太好，把音乐这个功能显得比较鸡肋。,,,,https://detail.tmall.com/item.htm?id=566676754659
匆***8,tmall,5.66677E+11,2018/4/24 14:28,,此用户没有填写评论!,安装了倒车影像，挂倒档有延时，强光下看不清，原来有倒车影像的不建议再去更改。,2018/4/28 13:08,18,https://detail.tmall.com/item.htm?id=566676754659
t***5,tmall,5.66677E+11,2018/4/24 9:02,,产品不错，只是行车记录仪需要插卡才能用，并且赠送的卡流量太少，只有500M，其他的功能都可以连接手机热点，另外语音助手不好用，说话不是听不见就是听不明白,,,,https://detail.tmall.com/item.htm?id=566676754659
l***4,tmall,5.66677E+11,2018/4/23 21:31,,此用户没有填写评论!,为了使用行车记录仪，已经买了3张SD卡，都是在京东买的正品卡！前两张直接不识别！最后一张识别一天以后第二天又不识别了！平时谁还用这种卡！都是按照要求买的，读取速度存储空间什么都在范围内！还是不能用！我宁愿你们出场的时候多两百块钱！统一调试好！到现在我还要去买第四张卡！能不能用还不确定，真是很差的体验！,2018/5/15 16:28,36,https://detail.tmall.com/item.htm?id=566676754659
t***7,tmall,5.66677E+11,2018/4/23 12:57,,小爱同学  最棒  赞,,,,https://detail.tmall.com/item.htm?id=566676754659
r***0,tmall,5.66677E+11,2018/4/23 8:46,,此用户没有填写评论!,真心养不起，两个月300块流量都不够......有钱的亲们继续走起吧&hellip;&hellip;,2018/4/30 16:53,22,https://detail.tmall.com/item.htm?id=566676754659
漫***超,tmall,5.66677E+11,2018/4/23 7:45,,语音识别挺灵敏的，可以声控打开音乐，导航，搜索&hellip;&hellip;都挺方便。不好的就是开机自动打开导航，会提示前面路况，还不能语音控制关掉，要进入导航然后退出，感觉好麻烦。有4G网络，但不支持米家在线监控，也不支持移动监测，希望软件升级可以完善。,,,,https://detail.tmall.com/item.htm?id=566676754659
r***z,tmall,5.66677E+11,2018/4/22 21:28,,蓝牙通话效果很差，对方听不清。米粉卡没送，一直说在调查，一直不给结果，就是想赖掉。很有前途的公司，被这样的客服和运行做坏了！,,,,https://detail.tmall.com/item.htm?id=566676754659
孟***0,tmall,5.66677E+11,2018/4/22 19:00,,反应有点延迟，SIM卡识别信号不是很好，，后台乐库不是很好，其他都还不错，建议把小爱的声音换一下，听着好难受,,,,https://detail.tmall.com/item.htm?id=566676754659
t***3,tmall,5.66677E+11,2018/4/22 11:43,,送的手机卡不能联网，还老是死机，行车辅助系统也是乱报，后悔买了。,,,,https://detail.tmall.com/item.htm?id=566676754659
t***3,tmall,5.66677E+11,2018/4/22 11:15,,五星好评，超便捷，很喜欢，导航精准度高得没话说,,,,https://detail.tmall.com/item.htm?id=566676754659
j***6,tmall,5.66677E+11,2018/4/22 6:56,,发货速度快，隔天就到了，分量有点重，试了下蛮方便，全智能，等跑过高速试下路况提醒后再补评,,,,https://detail.tmall.com/item.htm?id=566676754659
x***7,tmall,5.66677E+11,2018/4/21 17:48,,客服是真滴没用    寄过来的迷连卡激活不了的   然后事情就一直踢皮球   算了   自己手机开热点用用好了,,,,https://detail.tmall.com/item.htm?id=566676754659
海***6,tmall,5.66677E+11,2018/4/21 16:52,,美中不足的后视摄像头不能一起配上,,,,https://detail.tmall.com/item.htm?id=566676754659
y***6,tmall,5.66677E+11,2018/4/21 15:31,,谢谢客服江米海楠耐心讲解。,,,,https://detail.tmall.com/item.htm?id=566676754659
2***a,tmall,5.66677E+11,2018/4/21 14:13,,差评，说好的米连卡，没有发，一直说给我核实。。。，让我耐心等待，过会再联系客服，客服换了，又来说核实情况，让我等待，核实到最后，说给我发，何时能补发，都没有个准确的时间 差评，说好的米连卡，没有发，一直说给我核实。。。，让我耐心等待，过会再联系客服，客服换了，又来说核实情况，让我等待，核实到最后，说给我发，何时能补发，都没有个准确的时间,,,,https://detail.tmall.com/item.htm?id=566676754659
x***3,tmall,5.66677E+11,2018/4/19 21:42,,智能不太理想，要是能下软件就好了。价格有点贵,,,,https://detail.tmall.com/item.htm?id=566676754659
命***a,tmall,5.66677E+11,2018/4/19 18:18,,不错，拍摄出来挺清晰的，导航用起来也挺好使的，整体还是很不错的。,,,,https://detail.tmall.com/item.htm?id=566676754659
范***爷,tmall,5.66677E+11,2018/4/19 14:44,,小米就是牛逼。,,,,https://detail.tmall.com/item.htm?id=566676754659
含***京,tmall,5.66677E+11,2018/4/19 9:28,,等了好几天，米连卡激活后插进去不好使，连不上网！！！！客服的回复好官方啊，根本是摆设，说的话一点实质内容都没有，还不如一个普通小店的客服人性化,,,,https://detail.tmall.com/item.htm?id=566676754659
s***5,tmall,5.66677E+11,2018/4/18 17:16,,此用户没有填写评论!,连接线断了无法买到相应的配件烂到家了！来回推诿！无法解决实际问题！,2018/6/17 17:35,75,https://detail.tmall.com/item.htm?id=566676754659
c***s,tmall,5.66677E+11,2018/4/18 7:05,,摄像挺清晰，语音控制比较方便，但偶尔无法唤醒。自带流量，不用开导航也能报限速，整体不错。,,,,https://detail.tmall.com/item.htm?id=566676754659
z***4,tmall,5.66677E+11,2018/4/17 22:04,,其实最大的功能就是行车记录仪，其他功能有点鸡肋,,,,https://detail.tmall.com/item.htm?id=566676754659
回***砖,tmall,5.66677E+11,2018/4/17 11:37,,感觉还不错  有点抖?  屏幕大点就更好了,,,,https://detail.tmall.com/item.htm?id=566676754659
玉***湾,tmall,5.66677E+11,2018/4/17 10:49,,为什么只给4星，因为没有配套的后摄像头，问客服给推荐几款，也没有推荐。第一次给的机子开不了机，不过售后服务很好，愿意给我换货，客服态度好哦，我问的问题都很耐心回答。只是没有配套的后摄像头，在本地问了几家店都没有合适的。希望以后出配套的后摄像头。,,,,https://detail.tmall.com/item.htm?id=566676754659
g***9,tmall,5.66677E+11,2018/4/17 8:39,,折腾了几天，终于用上了，说明书完全没用。 步骤如下：1.下载小米移动和米家行车助手app， 2.打开小米移动，激活sim卡，注意一定要找一个阳光明媚的地方，我第一天晚上折腾了一小时，脸部识别没过得去，晕死。 3.插入sim卡到机器，如果一直提示你找不到网络，用自己的手机热点先登录一下，一旦上了网启动后，后面就一切ok了。 4.打开米家行车助手，连接导航设备。,,,,https://detail.tmall.com/item.htm?id=566676754659
g***8,tmall,5.66677E+11,2018/4/17 4:08,,已经米粉7年了，心里话确实挺好的物有所值，相信小米会越做越好的，唯一缺陷小米售后太差劲了，退换个东西给我拖了半个月还没处理好。,,,,https://detail.tmall.com/item.htm?id=566676754659
青***果,tmall,5.66677E+11,2018/4/16 19:44,,非常喜欢，全称语音交流。,,,,https://detail.tmall.com/item.htm?id=566676754659
抖***儿,tmall,5.66677E+11,2018/4/16 8:08,,还好吧，感觉不错的样子,,,,https://detail.tmall.com/item.htm?id=566676754659
冒***哥,tmall,5.66677E+11,2018/4/16 0:38,,现在的系统太难用了，买了有点后悔。我要听流行歌曲，他说不支持这个功能，还有我要听雷军的歌，他放雷真的歌，我问她小米的创始人是谁？他说是马化腾。雷军是语音输入法打出来的，到是雷真打不出来,,,,https://detail.tmall.com/item.htm?id=566676754659
t***2,tmall,5.66677E+11,2018/4/15 19:25,,还是有些不太好的地方，有时候夜间只有声音，屏幕打不开，让打开屏幕也是黑的，有时候启动不了,,,,https://detail.tmall.com/item.htm?id=566676754659
l***n,tmall,5.66677E+11,2018/4/15 18:30,,东西挺好，先说说缺点，内置酷狗音乐不咋滴，声音并非小爱同学，绑带式有些抖动厉害，无专用支架，需自己改造。,,,,https://detail.tmall.com/item.htm?id=566676754659
g***a,tmall,5.66677E+11,2018/4/15 14:58,,用了一段时间，首先觉得反应的灵敏度不是特别高，清晰度还是不错的，晚上光线也可以，功能很多，语音控制使用起来比较简单，用的过程中，出现过一次熄屏打不开的状况，重启后暂时没有在出现，小爱同学唤醒的时候经常反应慢，辅助功能有时显示的有点短路，慢慢研究中。,,,,https://detail.tmall.com/item.htm?id=566676754659
q***8,tmall,5.66677E+11,2018/4/15 14:07,,太贵了。不划算。有点上当的感觉,,,,https://detail.tmall.com/item.htm?id=566676754659
0***f,tmall,5.66677E+11,2018/4/15 10:57,,不错 实用性较强?,,,,https://detail.tmall.com/item.htm?id=566676754659
t***7,tmall,5.66677E+11,2018/4/15 8:49,,不错，用着挺好的,,,,https://detail.tmall.com/item.htm?id=566676754659
g***g,tmall,5.66677E+11,2018/4/14 20:10,,越用越顺手！?,,,,https://detail.tmall.com/item.htm?id=566676754659
我***9,tmall,5.66677E+11,2018/4/14 11:30,,后置摄像头直接买70迈的原状摄像头 安装完毕 完美 导航仪很智能 语音灵敏 大爱,,,,https://detail.tmall.com/item.htm?id=566676754659
w***家,tmall,5.66677E+11,2018/4/13 19:35,,东西一般，夜晚拍摄一般，性价比不高，大容量内存卡读取不了，发热，咨询哪个江米客服很不耐烦，态度在天猫上很难遇到态度，一问三不知，最后很不耐烦让寄回来检测，换各种SD卡，终于读出来了,,,,https://detail.tmall.com/item.htm?id=566676754659
依***恒,tmall,5.66677E+11,2018/4/13 18:25,,小爱用起来感觉一般般吧，没有想象的那么的智能，很多话还是听不懂，是不是应该可以学习？我还不太清楚！就目前来看，比如听着歌，问个话，完了让它播放刚才的歌，听不懂&hellip;一直在问放什么歌，我说随便，它就放到刚才的歌了！,,,,https://detail.tmall.com/item.htm?id=566676754659
t***6,tmall,5.66677E+11,2018/4/13 15:28,,零点下单上午十点就送到了，太速度了，早上六点钟申请退货结果是继续送货，没办法退货吧，结果好几天了还没有把款给退过来，催了客服说尽快安排给退款，感慨啊：送货速度太快了，退款有些太慢了！不过还是支持小米和淘宝的！,,,,https://detail.tmall.com/item.htm?id=566676754659
q***9,tmall,5.66677E+11,2018/4/13 11:33,,和车载音箱连接后，有时候有杂音，收音机和后视镜两个声音同时存在。 用后视镜播放的音乐，音质效果没有自己下载的效果好。 小爱得少妇声音不好听！！！,,,,https://detail.tmall.com/item.htm?id=566676754659
s***0,tmall,5.66677E+11,2018/4/13 10:21,,很好，语音识别靠网络实现，比较准确，目前送的流量还够用，安装也方便，平时由于停车熄火是进去休眠模式，再次开机很快，但是如果两天不开车，里面的电就用完了，开机要等会了,,,,https://detail.tmall.com/item.htm?id=566676754659
t***9,tmall,5.66677E+11,2018/4/12 22:27,,收到感觉不错，挺好的，送了sim卡，要是也送sd卡就好了，我是不是有点贪，等看看产品的效果吧，目前是赞的。,,,,https://detail.tmall.com/item.htm?id=566676754659
g***0,tmall,5.66677E+11,2018/4/12 18:54,,挺好的，小米的铁粉，这是第N个小米设备了～,,,,https://detail.tmall.com/item.htm?id=566676754659
s***羽,tmall,5.66677E+11,2018/4/12 15:14,,好评，满意,,,,https://detail.tmall.com/item.htm?id=566676754659
h***l,tmall,5.66677E+11,2018/4/12 11:51,,相当棒，喜欢小爱同学！太方便了！家里也都是米家智能,送小米卡，前3个月每个月500兆流量，后面需要充值,2018/4/23 21:26,11,https://detail.tmall.com/item.htm?id=566676754659
小***码,tmall,5.66677E+11,2018/4/11 21:25,,很好，发货挺快的，这价格挺划算的，比我在店里买的还划算，满意,,,,https://detail.tmall.com/item.htm?id=566676754659
m***z,tmall,5.66677E+11,2018/4/11 17:33,,还是挺好用的。,,,,https://detail.tmall.com/item.htm?id=566676754659
x***k,tmall,5.66677E+11,2018/4/11 15:43,,就是开发票没有选择项目，自动搞个个人抬头，浪费了。,,,,https://detail.tmall.com/item.htm?id=566676754659
h***x,tmall,5.66677E+11,2018/4/11 13:13,,发货时间长，可能是米连卡的原因？整体不错，包装精致，安装不复杂，体验了一下小爱同学，感觉很不错?！关闭屏幕后如普通镜子一般，不知放炫光功能怎样，后续再追评,,,,https://detail.tmall.com/item.htm?id=566676754659
y***0,tmall,5.66677E+11,2018/4/11 9:51,,说是支持64G，买了卡竟然不支持，退也退不了，都是骗人的,,,,https://detail.tmall.com/item.htm?id=566676754659
t***6,tmall,5.66677E+11,2018/4/10 23:55,,本着成为忠实米粉的心买了一系列小米产品，这不，又买个小米行车记录仪，昨天刚安装好，就通不了电，以为是个人车电源接口的问题，所以换了台车试同样通不了电，但换用小米手机充电线就可以接通电源，记录仪正常，确定主要是电源线的问题后联系客服，给客服发了一系列详细视频，然后客服说转售后，只要不是人为的损坏全套寄回《包含盒子及所有物件，发票可以不寄》，却一不可，否则拒收！我想说：真心不知道产品今天安装明天就会出问题，更不知道那包装盒也必须要好好珍藏，否则就拒收！就想说包装盒到了垃圾站，是不是有问题的产品就归消费者自行解决问题？对这么没有保障的售后和产品谁还敢买？,,,,https://detail.tmall.com/item.htm?id=566676754659
a***x,tmall,5.66677E+11,2018/4/10 18:25,,此用户没有填写评论!,大家注意，这个后视镜用的MicroSD卡只能是SDHC型号，不能使用SDXC，不能使用SDXC，不能使用SDXC，重要的事情说三遍！！！,2018/4/11 19:38,1,https://detail.tmall.com/item.htm?id=566676754659
j***x,tmall,5.66677E+11,2018/4/10 15:57,,从此我的车里也有了小爱同学。,,,,https://detail.tmall.com/item.htm?id=566676754659
不***龟,tmall,5.66677E+11,2018/4/10 10:26,,很智能，就是有时候喊小爱同学她不是每次都能答应，英文识别也比较差,,,,https://detail.tmall.com/item.htm?id=566676754659
c***s,tmall,5.66677E+11,2018/4/9 20:18,,云联网功能还不错，识别率挺高的。行车记录仪方面，白天效果还不错，晚上跟眼睛能看到差不多&hellip;,不知道是不是我英语发音不标准的原因，想听首英文歌，小爱不能准确识别,2018/4/10 22:52,1,https://detail.tmall.com/item.htm?id=566676754659
w***e,tmall,5.66677E+11,2018/4/9 19:30,,跟期待的有一点点差距，但是仍然满意，因为期待太高了。不足之处就是流量给的少了点，希望以后套餐能便宜点。,,,,https://detail.tmall.com/item.htm?id=566676754659
t***2,tmall,5.66677E+11,2018/4/9 18:31,,装法简单，几分钟便装好，还没使用，应该好用，小米的产品放心,,,,https://detail.tmall.com/item.htm?id=566676754659
半***天,tmall,5.66677E+11,2018/4/9 18:10,,昨天下单，第二天到货，邮政速度也这么快，用起来很方便，就是自己配的后摄像头没法用，比智能后视镜早两天买的手机现在显示还没发货，真的无语了，客服也不错，很有耐心解答我的问题。,,,,https://detail.tmall.com/item.htm?id=566676754659
w***k,tmall,5.66677E+11,2018/4/9 16:48,,真的太好了！完全满足了开车的一切需求，再也不必用手去触屏了！,,,,https://detail.tmall.com/item.htm?id=566676754659
风***5,tmall,5.66677E+11,2018/4/9 14:17,,有点小失望，小爱同学有点呆萌，好多功能都不能支持,,,,https://detail.tmall.com/item.htm?id=566676754659
会***子,tmall,5.66677E+11,2018/4/9 11:54,,非常棒！超级喜欢,,,,https://detail.tmall.com/item.htm?id=566676754659
h***8,tmall,5.66677E+11,2018/4/9 10:46,,买回来车载电源就是坏的，米连卡激活不能用，后来找客服刷新数据，重启行车仪正常了，暗光下启动车辆，偶有黑屏。体验还是中中矩，内置了少妇版小爱同学，智能控制什么的很有限，FM发射的音质实在太渣了，没有停车监控!希望以后升级能改进,,,,https://detail.tmall.com/item.htm?id=566676754659
k***5,tmall,5.66677E+11,2018/4/9 9:25,,"质量非常好，与卖家描述的完全一致，非常满意,真的很喜欢，完全超出期望值，发货速度非常快，包装非常仔细、严实，物流公司服务态度很好，运送速度很快，很满意的一次购物",,,,https://detail.tmall.com/item.htm?id=566676754659
毛***9,tmall,5.66677E+11,2018/4/9 6:50,,习惯性好评！冲着小爱去的，结果很失望，语音交流体验太差，就能问一些简单的东西，为什么不能直接集成小爱音响的语音功能呢！导航体验也差，用了四个小时的导航错了六七次，实在没办法只能用回手机导航，现在根本不敢用小爱的导航，就相当于一千块买了块普通的行车记录仪，性价比差，用户体验差！,,,,https://detail.tmall.com/item.htm?id=566676754659
l***n,tmall,5.66677E+11,2018/4/8 15:44,,没想象中的好，冲着小爱去买的，想不到买了个小傻。?,垃圾货，需要的时候叫不醒，没事的时候自己醒，APP也不更新，固件也不更新，导航还是老旧的版本，千万别买，谁买谁上当。,2018/8/1 17:34,119,https://detail.tmall.com/item.htm?id=566676754659
e***殇,tmall,5.66677E+11,2018/4/8 14:55,,没有想象中的那么实用，将就吧,,,,https://detail.tmall.com/item.htm?id=566676754659
路***1,tmall,5.66677E+11,2018/4/8 13:28,,那个辅助系统不灵敏,,,,https://detail.tmall.com/item.htm?id=566676754659
珊***贝,tmall,5.66677E+11,2018/4/8 12:36,,发货超快，小米的产品性价比高，行车记录仪还没有打开，要是再配个后置摄像头就更好了。还没用，等用过再评。,,,,https://detail.tmall.com/item.htm?id=566676754659
朱***3,tmall,5.66677E+11,2018/4/8 12:19,,东西挺不错的，非常喜欢，觉得唯一的缺点就是ios链接后，没办法同步通讯录啊。150度挺好的，停车拍照定位很不错哦。快递小哥打电话送的时候，刚好去山上挖竹笋了，赶上下雨，快递小哥说外包装淋湿了，第二天特意等我拆包查看确认后才走。,用了两天，停车时间长的话，再启动车子，后视镜是启动了，但是处于黑屏状态，说语音有回应，但是屏幕不点亮是什么情况？！你们有这种情况吗？,2018/4/11 8:21,2,https://detail.tmall.com/item.htm?id=566676754659
煲***翅,tmall,5.66677E+11,2018/4/8 12:11,,一时冲动想用小爱同学，真想不到，没有想象那么好，白屏幕坑爹，怎么录像呀？还不去几百块钱的凌度清晰度。,,,,https://detail.tmall.com/item.htm?id=566676754659
谷***7,tmall,5.66677E+11,2018/4/8 11:12,,后置摄像头希望快点出来,,,,https://detail.tmall.com/item.htm?id=566676754659
m***b,tmall,5.66677E+11,2018/4/8 6:26,,宝贝还算不错，小爱同学灵敏度要提高，给小爱同学下指令要很大声才行，还有宝贝对存储卡的支持有点问题，64g卡不能识别，换了32g的就可以了，米连卡要是能打电话就更完美了，客服人员的培训不到位，询问米连卡激活问题要等好久，说是要查询，态度不错，但解决问题的能力不行，关于宝贝肯定是好评,我知道打电话要通过蓝牙连接手机，这个不是麻烦吗？直接后视镜能打电话不是体验更好吗？小爱同学的语音识别是很好，但就是要很大声说出指令才行，我说的是灵敏度而不是说识别有问题，请认真看看我反映的问题。这个问题能解决吗？,2018/4/12 20:16,4,https://detail.tmall.com/item.htm?id=566676754659
醉***尘,tmall,5.66677E+11,2018/4/7 23:31,,用了几天才来评价的除了对小爱同学有点失望外，别的还可以，如果以后能下载播放软件就好了，一千块感觉有点贵,,,,https://detail.tmall.com/item.htm?id=566676754659
方***翔,tmall,5.66677E+11,2018/4/7 18:18,,|西很漂亮,,,,https://detail.tmall.com/item.htm?id=566676754659
l***1,tmall,5.66677E+11,2018/4/7 17:58,,绑后视镜上还是会晃，啥时候出专用支架呢,,,,https://detail.tmall.com/item.htm?id=566676754659
t***7,tmall,5.66677E+11,2018/4/7 13:58,,总体感觉还可以吧，就是客服妹子真的不够专业哦，还是自己研究完了才好用。,,,,https://detail.tmall.com/item.htm?id=566676754659
a***2,tmall,5.66677E+11,2018/4/7 13:09,,不错，就是唤醒称呼不能改，要是改得简单点就好了,,,,https://detail.tmall.com/item.htm?id=566676754659
天***河,tmall,5.66677E+11,2018/4/7 8:54,,昨天老公就给安装上了，很智能的一款行车记录仪，支持语音操作，期待更好的使用效果,,,,https://detail.tmall.com/item.htm?id=566676754659
t***k,tmall,5.66677E+11,2018/4/6 22:36,,其他ok，导航体验不佳，今天出行三百公里，导航出现两次卡机，而且没有任何提醒，差点高速错过高速路口,,,,https://detail.tmall.com/item.htm?id=566676754659
s***t,tmall,5.66677E+11,2018/4/6 18:59,,内外包装翻遍也没看到米连卡,,,,https://detail.tmall.com/item.htm?id=566676754659
唐***1,tmall,5.66677E+11,2018/4/6 18:46,,神速物流，12小时不到。东西很好，反正我喜欢，完美,用了一段时间来评价，感觉完全不是想要的东西，语音识别慢，反应很慢，和小爱音箱比就是垃圾，能回答的也太少。高德地图经常出现规划错误。不唤醒的时候经常自言自语，也就新鲜那么两天，使用中真是鸡肋，不建议购买！小米产品最垃圾的一款！,2018/5/2 23:14,26,https://detail.tmall.com/item.htm?id=566676754659
看***心,tmall,5.66677E+11,2018/4/6 14:56,,此用户没有填写评论!,,,,https://detail.tmall.com/item.htm?id=566676754659
奥***0,tmall,5.66677E+11,2018/4/6 14:22,,导航不太准，晴天已经上高速，提示距高速入口多少米。雨雪天导航定格了两回。本人购物一般不写评价，希望得到小米重视！另外，说到小爱同学。小爱有点不太开心回答，来了来了！不像语音助手中的小爱回答，我在。这是一个小爱吗？,,,,https://detail.tmall.com/item.htm?id=566676754659
杞***8,tmall,5.66677E+11,2018/4/6 10:01,,非常一般，没有配sd卡，卖了一张128G还不识别，还要再连上无线才能用，产品不是很成熟，不实用。,只能用16G卡，没有说明，换了3张sd卡，实在是无语。,2018/4/6 11:57,0,https://detail.tmall.com/item.htm?id=566676754659
d***1,tmall,5.66677E+11,2018/4/6 1:56,,啥时候出后摄像？(-_-?),,,,https://detail.tmall.com/item.htm?id=566676754659
5***e,tmall,5.66677E+11,2018/4/6 1:07,,很不错，果真非常不错哟，语音识别跟70迈差不多吧，很不错。特别是夜视觉效果！ 唯一的疑虑就是，倒车影像什么时候来？,看图,2018/4/6 1:08,0,https://detail.tmall.com/item.htm?id=566676754659
t***4,tmall,5.66677E+11,2018/4/6 0:35,,整体来说相当满意，但是可能是车里噪音大，语言沟通没小米音响好。物流很快，回头送的卡链接不上，打个客服马上解决。十分满意送5星,,,,https://detail.tmall.com/item.htm?id=566676754659
t***3,tmall,5.66677E+11,2018/4/5 21:44,,东西不错,,,,https://detail.tmall.com/item.htm?id=566676754659
蒋***见,tmall,5.66677E+11,2018/4/5 20:18,,拿到手就迫不及待装了，小爱同学确实好用，晚上没有拍照片,,,,https://detail.tmall.com/item.htm?id=566676754659
t***8,tmall,5.66677E+11,2018/4/5 19:29,,此用户没有填写评论!,不错  不错  什么时候和小米音响一样支持更多就好了,2018/4/6 22:16,1,https://detail.tmall.com/item.htm?id=566676754659
h***0,tmall,5.66677E+11,2018/4/5 18:27,,停车后会留一张位置的照片。可以直接通过汽车的收音机连接汽车音响，操作流畅。镜面挺好，不影响视角。自带的软件不敢用，流量太少了，资费能便宜点好了。希望以后能更新出更实用的功能。,,,,https://detail.tmall.com/item.htm?id=566676754659
爱***8,tmall,5.66677E+11,2018/4/5 18:14,,1，功能上够用。语音识别不管是普通话还是方言，识别率都挺高。确实解放双手。2，我是米粉但并不一味吹嘘小米的产品。3，整体比较满意，价格偏高，相信质量没问题。,,,,https://detail.tmall.com/item.htm?id=566676754659
y***0,tmall,5.66677E+11,2018/4/5 18:09,,完美，用的非常好！,,,,https://detail.tmall.com/item.htm?id=566676754659
g***s,tmall,5.66677E+11,2018/4/5 17:27,,物流速度还可以，比京东慢点,,,,https://detail.tmall.com/item.htm?id=566676754659
y***g,tmall,5.66677E+11,2018/4/5 16:20,,nice,,,,https://detail.tmall.com/item.htm?id=566676754659
别***丶,tmall,5.66677E+11,2018/4/5 12:01,,非常不错，就内存卡还没到货，摄像头也清楚！！！小米出品必属精品,,,,https://detail.tmall.com/item.htm?id=566676754659
c***y,tmall,5.66677E+11,2018/4/5 7:36,,此用户没有填写评论!,赠送的米连卡始终激活不了，客服电话打了3个，麻烦死了。小米售后也不回复，态度有问题。,2018/4/5 18:05,0,https://detail.tmall.com/item.htm?id=566676754659
t***5,tmall,5.66677E+11,2018/4/5 6:04,,此用户没有填写评论!,真的差劲，发过来的米连卡新的竟然欠费无法使用，小米售后处理也超级慢！到现在还在拖！最差的一次小米购物体验！,2018/4/9 6:46,4,https://detail.tmall.com/item.htm?id=566676754659
t***2,tmall,5.66677E+11,2018/4/4 23:28,,有点华而不实,,,,https://detail.tmall.com/item.htm?id=566676754659
l***定,tmall,5.66677E+11,2018/4/4 22:45,,不能下载安卓app,,,,https://detail.tmall.com/item.htm?id=566676754659
o***b,tmall,5.66677E+11,2018/4/4 21:24,,同比70迈，虽然便宜了点但是屏幕小了很多,,,,https://detail.tmall.com/item.htm?id=566676754659
宁***穷,tmall,5.66677E+11,2018/4/4 21:19,,习惯性好评吧    感觉一般般   小爱的话一些行车基本功能有的   智能也不算真正小爱那么智能    只能算够用,,,,https://detail.tmall.com/item.htm?id=566676754659
湖***强,tmall,5.66677E+11,2018/4/4 19:53,,真的不好，晚上看不见，白天也一般般，一点夜视功能都没有，不值这个钱，不如300左右的，2.4连上老是掉线，连5还可以，总之不值得购买,,,,https://detail.tmall.com/item.htm?id=566676754659
t***2,tmall,5.66677E+11,2018/4/4 17:45,,我觉得一般般！就一个小爱同学是个买点！,,,,https://detail.tmall.com/item.htm?id=566676754659
g***g,tmall,5.66677E+11,2018/4/4 14:52,,不错，使用了几次了，整合的不错！无论是导航，还是音乐，还是别的。最关键的是把手机解放出来了！,,,,https://detail.tmall.com/item.htm?id=566676754659
n***a,tmall,5.66677E+11,2018/4/4 14:14,,可以插sim卡上网但是不能直接用那张SIM卡打电话，可以蓝牙连接手机接打电话但是不能作为主机连接蓝牙耳机或音箱，后置摄像头（选配）可以录像但是没有类似前置摄像头的防撞等功能，虽然屏幕不错但是没有播放视频的app。最大亮点是物流神速！,早上冷车启动偶发屏幕不能点亮但是过一会就正常了；aux连接到车载aux音箱效果更好但是可能会有共地噪声需要再买一个音频隔离器；ADAS很赞尤其是防碰撞提示非常给力，大爱。后面就看长期耐用性和系统更新维护是否及时了。,2018/4/9 19:31,5,https://detail.tmall.com/item.htm?id=566676754659
w***4,tmall,5.66677E+11,2018/4/4 9:50,,买回来自己不会走线，跑到洗车店叫师傅帮忙搞得，挺棒的，功能挺全的，语音识别精准，可以通过FM链接汽车听歌播报语音，先用再说啦,唯一不太满意的地方就是自己买的闪迪64g内存卡擦进去无法识别，换了张16g的可以,2018/4/4 17:21,0,https://detail.tmall.com/item.htm?id=566676754659
t***我,tmall,5.66677E+11,2018/4/3 19:07,,很不错的，很喜欢很智能,,,,https://detail.tmall.com/item.htm?id=566676754659
x***7,tmall,5.66677E+11,2018/4/3 18:57,,各项功能华而不实，没什么多大用处，如果只是为了一个行车记录仪的话建议还是别买这个，1000块的价格性价比太低太低,真的非常火，用了半个月不到就死机了，过了7天也不能退，换货又要把线拆下来，真的非常麻烦，也没有维修网店，真的这次就当花钱买个教训，如果各位也有想买的奉劝一句真的没必要！！！,2018/4/14 17:14,10,https://detail.tmall.com/item.htm?id=566676754659
昵***c,tmall,5.66677E+11,2018/4/3 14:38,,感觉还行，用段时间再来评论。,,,,https://detail.tmall.com/item.htm?id=566676754659
